x,y
-26.27041879381543,-20229.077710741858
0.6366079201528546,6.854712648856916
13.600058020019137,1973.9930655838705
-31.64180142390244,-32482.31061363805
-0.20313533450540333,9.963907182860368
-43.92956364650495,-87724.52417114165
32.97220112651049,34491.84348509036
76.51124422175936,428279.55557262286
37.38903770114316,47661.87848554098
-68.48119334679477,-323319.686124431
16.31647909138616,3959.00967082522
-96.0382244543841,-896995.5291268886
11.913438857510366,1182.2395714298432
26.394353125137005,16629.044426797416
-96.36193535103135,-921940.3711856187
87.67273809865087,651382.250901023
-51.69397868281891,-143722.6858161104
78.44151127147515,466445.3435311912
35.09768934643163,40168.40501493943
33.957951065304464,36301.05875241319
98.49001294913057,922957.4072570615
-61.61803345131534,-237964.8710970687
-2.045072995816352,8.486682043877398
-35.869824496013145,-49357.94479581089
-0.7855041376089765,15.048064160014473
-91.29726630273053,-771504.7508273963
64.19275727587416,257272.98150100707
40.178978309169906,61998.13082723812
80.7079745649562,515268.73916134506
-92.15004129146281,-802954.7224486683
-18.835718481155144,-7505.832474282708
82.44484025668682,554633.5129364128
98.84792676668158,937229.1248361109
5.577615942520981,88.29475780061429
-13.253739282832388,-2473.2324497683303
36.218717968160156,42913.79239255505
27.224478583127873,17746.99408350125
61.26120894668443,220388.99509762853
33.21013135610546,34163.637494176204
1.0471020779798712,1.9414222326992618
-57.767319735476484,-198413.78319714667
-47.813991968779725,-110180.13872027888
33.0543184423673,34483.03642336406
97.73663537823673,923096.8100283595
-63.53620257299217,-264059.91036396817
8.613330652981224,409.2606556389563
88.69303172572909,676656.7164123849
-52.39143590134417,-148368.75180542475
-5.933329315602579,-287.0068543072422
-24.764865044036085,-16356.2382206399
-13.212220654300092,-2641.2880537964206
27.46012447003197,18859.10489390699
-57.83054485414833,-202050.87157411844
33.39222294248575,35520.32958700006
88.57924564062192,673647.4177386372
-14.976442038714715,-3769.0302704237547
7.348512186134725,262.2438547277853
-5.508222916887851,-165.23658499766532
23.30421065935641,10763.889093118789
-49.559204622380236,-128076.38819994888
5.606727604659086,111.69564884645433
2.907581130358678,-6.3369466564470684
43.17740270533421,75796.74551559627
41.44189593260156,68323.4795918304
20.99669225809277,8209.199419819011
-18.38619719507206,-7022.316967863582
-47.871327122048065,-111298.61128334879
-11.193839102595273,-1535.7240833424703
-61.34594804001996,-241526.9623256303
46.75821166838885,99218.42603208983
-62.6236522606641,-252946.2194416927
22.30023083683766,9608.97777650337
26.03589876714728,15526.943660692792
-11.900689628094366,-1659.3000645330299
-30.507225495155176,-30338.98823065849
14.489546316513348,2522.7261174637124
90.55007903621738,736012.459992888
-89.22604709307313,-714175.1993600004
-48.95508388513205,-121857.0992000146
-78.4583653096148,-496080.98838579113
66.72220624202635,281557.9224029209
33.985618225298985,35883.840800106875
-51.363795884521814,-140704.15106503424
-73.25305033336603,-397251.6135904531
16.270453330593924,3598.400716818939
-8.742744568048638,-635.3007051133541
-10.938454423023131,-1275.2827720568753
27.308360473699928,19488.924067293072
46.57963384369656,95146.22510179617
35.2039872727821,40919.693145701705
48.32874469150076,104804.6724474596
39.308481295691685,58671.19518677139
-74.53720223169378,-422139.8660562307
70.03172781795871,326616.83856325847
-74.20990374717826,-411421.0888871098
97.32270188159885,899717.428229906
-4.949237660490886,-123.54256639435229
94.94400646081195,824001.1901412456
-91.00571754054495,-766201.6419336632
-51.70308355419774,-146384.41575814033
0.022165509265138383,10.291916516959212
-70.62033377332581,-358302.15305463056
13.44943679118235,2176.1729890583456
-41.01649220557262,-73194.54528461472
-27.986944772878,-24056.824068379497
-91.39715540185661,-784999.2689841287
-41.55513637786612,-73184.73390133247
58.08307482767987,191670.120759136
-44.741870033998914,-91003.87519172589
49.170331934634895,113875.06551495608
11.851448081698157,1290.097270568593
45.42640150318113,91256.85553365509
2.5156351353452227,-6.888912165369717
-65.27714900040765,-285647.11080474156
23.245711042369397,11476.301512886741
-4.6443981367948926,-87.50049951590634
16.25402746636407,3752.091101177164
6.92050573783413,231.109179266446
37.28198646931003,50227.26138258777
-67.85811865495563,-315213.0143275363
-1.8621221463341646,13.867072178708053
70.95185086878922,344657.6620029764
-20.16540557893571,-9414.664947667832
30.807560460872594,26412.896130283763
46.668001797084706,98403.44801876179
-94.39462563643717,-845321.7757968095
-75.42666634004551,-444907.8395447482
-68.4782580745493,-334355.71014023566
94.71912500545332,819905.3653668972
-57.01810260974041,-191806.5116397903
-25.326358534400967,-17401.264074067225
-87.72831820497215,-684131.3964346692
-81.04860412724362,-538057.8126968766
7.709283237417957,248.98473548932736
40.09637406038295,61119.559244239004
-40.04780757975678,-66526.6605913453
68.13323469278288,307659.76570874656
22.537171687991986,10207.905386190829
66.36128841427677,287029.1892685563
97.7093109047474,903687.8966790527
-34.19324891351057,-42291.793128263496
-87.53823017029384,-681563.9455563742
71.73080635930063,364566.6873675543
42.559013191263986,72585.10831981203
-62.790481117125154,-253367.14359826423
42.89389727352356,73747.21639597732
-11.938797079550199,-2022.5330489986939
-41.06966569377753,-70267.34240417303
-23.776704740574623,-14382.958959790567
63.295961403537675,250228.17172285268
-12.038645494130026,-1878.078022112424
35.51648930175098,43027.513773251565
-25.94259814081013,-18965.307360311574
36.09269120441872,45471.44097939896
-2.6183434578220757,5.860234080775278
26.563446428069483,17089.87337045161
37.594094359595154,48102.16794835099
61.373021256953116,221114.1887436437
-54.2425173686701,-168197.4737430115
62.930937721122135,243739.09048602878
-33.632352446027234,-41560.93682257918
35.434317538311255,43485.9079313306
-69.89839620973689,-349055.5020005904
-29.575147132130777,-28144.179824928466
-8.738861731243043,-720.4119119957626
-64.65480796661267,-283557.0169970002
-70.07934948532252,-360022.7880914887
66.72022870687395,285002.42335742275
38.48039726519264,51762.77890914835
34.877416665687306,39001.06609615684
36.64316465140952,45337.24693253188
-30.661732729303196,-30575.716020979315
-75.70306622453556,-442086.3422426961
24.461197781207563,13411.300874382705
-86.50852292440702,-663604.7797219038
-91.14645516301299,-784499.3333784775
-13.058517716415082,-2350.6088621301114
79.972626936699,498600.8943779144
43.41619642211606,75289.4967555849
61.874871908515026,224050.4873017582
18.308009729049314,5054.27803345225
-86.21356870082325,-654454.0922108839
-67.4054239721072,-310512.16420796176
55.4815333447749,166392.32822940993
-86.74859036059273,-665575.1144760707
-98.25937428581635,-956321.5000938269
42.50242355367735,73946.24755259226
-54.865402599858974,-170826.70193659628
76.29235442842835,437759.2131243597
6.840066447096071,220.6474924642041
-39.87167166343664,-67156.24613708771
-30.31997266977822,-29539.683078234386
37.752512943361566,50474.90288688609
3.8372130908575706,4.458579160983696
-75.39958789072429,-443377.54105128907
29.391430642217422,24406.04758916097
2.5443040111519855,-6.693167858050707
37.51332999008539,49813.764319942136
-15.23293083187262,-3512.931116184458
88.94093762854065,694483.1163564696
-12.892986325200338,-2419.6202800362003
56.63469619676648,175702.37084480826
5.967225421405502,88.6609002553646
-5.430613859531387,-157.4796698497371
44.365259693216856,85915.29570484505
-65.42493978423803,-289999.3046082052
45.577255769562576,87273.48674838069
29.708669546522675,24245.636176162334
67.71514020958554,297936.223754512
-3.5693780195616034,-20.88188994755464
76.39647655745861,428654.69801265467
57.39610473240601,186298.97288587745
10.753077659375196,846.4001128630512
39.53808014135472,58286.222120108665
24.031099164315307,11845.97265437803
-93.44316108626627,-821819.172271388
-46.85772140286279,-104728.7865065808
-65.5271297751795,-290001.17281880655
91.79930600647427,764934.2552267915
2.204981989256851,-6.885741238256308
-50.693990908786446,-131469.8920078409
-97.12398308817733,-946242.0408589478
-72.96467806630571,-395315.2921843939
17.159930957907946,4710.990116634532
57.99390472924062,183200.11359903708
-12.934399166892193,-2485.775072722387
-78.7040044204473,-491197.81151251274
-18.414369557788252,-6660.821886019388
-17.033950275227962,-5744.58519610935
14.531540957135133,2822.3325984548583
66.72222845173972,290213.86778504594
-9.236139472880273,-858.7138140772703
24.918445458384486,13754.546501192812
95.8249408775585,851429.3623649768
44.396209776928686,84085.47146849954
-80.15077948624622,-531479.3306458034
-28.816194323987254,-25205.531906069766
-10.381373840512374,-1086.1302417620868
-13.139385100337439,-2669.6153133702237
-83.46915782873873,-602242.0896128502
-45.471671209608616,-95654.01423081422
90.75880390501709,735458.9817858897
66.73708569384891,281975.6850212984
93.40024792407355,785882.0116814262
-18.43248587139405,-7335.404891471196
-69.63820819219606,-345083.3732542848
-21.679228027251074,-10514.611404327668
92.42625459351943,760890.6217382445
-2.9948419401629898,-10.92530153524821
3.9312683425463932,13.783994562900453
54.16430501933171,149202.10346056614
16.4126423492408,3412.1389847828527
-3.319383620168983,-11.64679368328018
70.74534505153481,347677.5682455497
-13.445411854304805,-2456.359758714712
31.316486973370885,27927.552743190747
-83.94283208416476,-602451.5103052452
-80.1636965113009,-529496.9700802059
-50.20571338666829,-133885.04994017663
-32.96915372896096,-37578.74846312835
19.037648126535093,5912.528995176945
-9.004929422623768,-766.6757703898706
65.01456048631692,271485.55536877847
-57.433557023541965,-196137.5012664217
80.23704478494278,509040.6832116385
86.87270604507559,649805.8648445215
58.654899930439974,195988.98602330493
-93.33815693426169,-834798.2248251599
95.80842480211182,856682.8386241052
28.674914002840968,21533.29129383514
-14.168346062834006,-3111.9714293244024
-78.62775449223167,-503987.036509608
-84.90555447380972,-619230.6900818793
-40.61888361002705,-67877.44743427246
-49.233691587102875,-125516.20937112017
29.37378192230264,22310.551893645374
-22.579629598672042,-11606.729682375206
-49.664655097906675,-127784.63883737681
89.72388202916305,698074.6827994332
-33.25472683047326,-39874.7933980826
-53.52899887002198,-162678.5753217179
-48.064206628832636,-116361.09656852999
88.70984288953576,686303.901575712
-65.06934271984252,-281853.1900095139
45.36696189666826,87067.21313312938
38.89930326411159,53824.40942176935
71.9527875930542,366368.17246808135
83.60336075090514,570637.3397921209
-9.506795336160955,-923.254734144987
-49.10111313260101,-125624.67813870103
-83.46760786088564,-594219.6400408169
-44.03785595205697,-91810.85482141862
54.83648878961144,162858.2181080328
-78.17092317997344,-481200.9965880117
82.70153530265151,555117.2212391145
-3.0508658653932392,-10.056972707873534
-73.15624954348641,-396771.41483338276
-60.902442907012436,-231419.84896666114
-37.00125594906794,-51003.93961878516
-10.697585327971844,-1317.3230177628907
75.72879079464722,414209.96149494353
54.49501312889843,153827.92225401395
61.8490587067455,231718.4631080435
85.24844972230932,597793.0404003445
63.200921878858054,243191.5072832107
-89.36210259141649,-717515.9928383856
74.8049457066949,402109.6454925722
-89.67599597653972,-740561.3686571934
40.462382045759504,61774.385359834625
21.711808767961816,9470.696420182427
64.55094007415433,259015.36956491263
54.41271278413562,154496.66884770468
78.75348033947895,480330.23405659763
43.88481042848833,80580.57497867009
-26.729033191535212,-20593.535833516424
20.66874269344946,8383.046412662366
-60.28605303202828,-227779.58872738373
-52.00930233611835,-147302.24715294017
-15.578172513671422,-4205.367783121682
65.36062783969379,272019.14249419695
89.59264069907678,704505.9297857932
63.12773158606324,240050.4165715159
-87.01101303064968,-664007.6667103863
-80.2153913784452,-536668.6923365233
-73.0885878804336,-394638.6730446756
-3.6453079837660027,-53.2554886053822
91.35301963480326,736751.3722421207
17.695820975382986,4370.672587462806
79.21757989312633,489853.111376836
80.87933282078245,521248.6776759432
76.99321749789691,439263.52454305295
-85.38556638838726,-634048.7133821422
-49.22152125560492,-125770.16067627617
36.02701961774803,44903.63265928195
-85.55720517638113,-649786.1009960923
49.874665585221415,116330.70571889823
-47.40308266924814,-110245.50074628208
77.12741431428913,449440.72096934775
33.728037182738234,37077.29522048762
-87.97693513836961,-699388.5600751658
-75.68169189963211,-447968.94281666126
-15.846232223743016,-4590.625640018349
6.296442598882623,158.20291524465011
-57.88572503493744,-199908.75684979826
-29.89677045458441,-27772.636727568755
-93.52955983056513,-826640.2707590297
70.55139997919756,340690.1367633452
-36.28947093542361,-50728.819726182286
30.372972964030215,26605.351560746658
19.143782417325916,6496.094408839893
-0.18874886171202998,11.666071288649531
-3.2311716592852644,-13.030272274805071
31.268581396238368,28392.300415950533
-93.462234426707,-820927.8570747538
-40.461832332193346,-70784.38580309595
-49.99623606477017,-129081.70982323578
31.948420338567445,29896.327148118497
-77.9554778969459,-488445.16116618435
-83.85801640142991,-593018.1802206305
98.67148953658325,952446.4961876539
-98.74824010569186,-967545.4293686616
27.5688407234072,19067.350367270938
71.5591059895372,354990.245336361
89.43914322817422,703852.2050610846
10.462233567535698,934.7102006670492
-2.8125914676387307,-7.3386668564595965
99.16064791410318,941040.8245096046
-40.39887282455657,-70941.81420172771
52.42831512157746,141320.61869887437
63.968820425343054,249583.0660058587
-69.24873371328383,-339141.1101995657
39.76747234443052,59687.14058216233
-11.717289978212559,-1602.812518619284
24.65229792787315,14264.907336966658
73.67944323913714,381443.23894076294
-4.8552176623521275,-76.01080817988091
51.871757359010616,135684.67824493832
-11.499092222900005,-1548.9277146661211
-71.37030106489772,-366743.77027947095
-9.441523704567393,-983.9795444179033
-55.26399066488778,-177700.1552156599
18.696140284441604,5657.3694942201555
10.59802921105259,828.4785277233481
-93.20652893971832,-837763.6764785749
6.5928135722977315,118.76679813707307
36.582344109022486,44758.36614680752
98.69030412965034,937157.998140782
10.159497878455344,671.9156372680916
-14.957079983571417,-3411.509443222797
-26.674845446940772,-19564.408961950106
-9.39296108829901,-857.6483791701796
-88.23079337930503,-711255.9001954874
-86.49271920786998,-651535.9009043894
-40.06022499351611,-67833.6293903288
-76.9088626522088,-463773.16583893873
54.20881649416578,153781.6986360708
90.40861802554544,726846.5792590858
64.74890542586073,261592.04403004603
24.05725571341112,12757.473776313229
-33.0901579803873,-37914.65643751533
24.21062622454623,12103.940509793525
53.97298018572667,151553.1830702268
-43.96170780886143,-85899.01204263327
-52.37099825483758,-149743.2501189333
-38.15491766707773,-58159.116923826936
-69.86729969187766,-343224.80594769865
50.489539447060004,126215.81936552619
-9.18364132383445,-742.4556644085247
75.49054200154944,412274.0315027409
68.3519506272827,314130.474376033
-3.6386307654054355,-55.93792894523489
90.43000236472226,718084.7405312506
98.29152365222643,928920.0583313727
90.36158231393955,729360.7724740643
-24.50541698374479,-15856.368497817904
57.40799048617877,179498.9795639329
73.06726429085852,384284.62358491257
24.11199088815171,12678.77129582224
-1.5469304099839207,12.361741483713278
10.294211994296935,939.6196826573682
28.63792457970607,21752.80367592703
-75.43416465459784,-442505.9417450248
-44.63892373720473,-90339.5570887829
-56.02564201714643,-180934.9604397218
-64.65798466867243,-282404.5711285025
-35.57688215841863,-47544.02193275954
52.03149327406943,131600.1814558028
-51.10808671750985,-140858.6753768072
0.5351705130176755,0.7436177687464287
37.994215176819644,53473.67193180923
-96.29760096932885,-914988.3686403396
14.44788188795097,2531.4628706754293
-36.390022168756644,-51274.39905806424
56.12565434412402,172380.4368127868
-61.41410824260798,-237477.28732654764
-11.485307304164275,-1557.8967833319273
12.918737170790191,1633.4364021938213
99.52459097625855,960818.0573638683
-84.55063193401988,-613043.5139050655
-6.552688089915054,-329.1396138944101
-57.03483471707,-195205.12408352736
-63.218136028671616,-259283.72852749744
-9.78886180853533,-1205.4403655458673
6.79036418820377,211.53019029183434
-51.767100268264805,-142332.86169079368
15.420938472592916,2915.517718726271
59.14162514935524,201092.5127456894
39.283559102621915,57786.64962535222
82.72064223184773,542735.534708117
40.44482567905816,61128.543592709815
61.888896558213325,232344.39855093887
-91.84157259067067,-803007.3226829399
-50.88039093316229,-132985.07800944094
-67.25163337687825,-318735.4824132295
24.410537782580526,12358.653161865828
5.19395223855722,48.8738690402636
48.436690689045605,105293.3122530381
-64.92674129834225,-283275.65270196705
94.24328892903245,815481.3586444071
24.311085573080316,13190.556205665393
-89.9303480111635,-748469.9687574401
65.64298655230239,276743.98164498626
-40.03487094729738,-67080.96519589493
80.14651541071348,492027.0671399541
33.971405082705694,35251.984972502505
16.188441128528915,3587.9214450199197
28.788566869172435,22342.83349530906
34.13186780167626,36063.911886216716
65.31703078795672,267983.2834890815
93.72709771233914,792367.0230540294
94.79454003677472,843027.8023750047
-9.396661523410714,-821.1828344845993
-94.8109755188183,-881860.627641134
-9.096778874700545,-854.7100533791082
51.59357793376395,132253.4803883369
96.19826014062971,867711.459939161
68.31623907879114,315195.42900080036
-47.94791758432785,-113781.86928923562
-20.92932864633612,-9279.96707635786
44.08877068419566,80419.25831578286
-60.48732122940284,-224676.43088591745
96.23911036066971,871163.9545335604
-16.525383509527412,-5090.358752410811
-85.18032919432095,-636277.7726707843
31.77991507377174,30623.666818173162
-30.55906904619671,-29159.06211568944
-85.22858791308096,-643464.0006591122
-73.421947219244,-403806.08975396905
55.18354245587269,159333.36926721787
-57.36266362698797,-191921.66123374982
3.1149018091236362,-1.2122464111825835
7.592392889888828,315.75015277942884
-63.19591488327735,-261515.63470286425
26.15679340329541,16784.418566437565
42.40582772629051,73474.27163541446
0.9032365223689547,0.23051359395084425
36.280899050881665,45325.74288341068
-37.86564589545169,-57304.93070247361
-8.689992766748711,-670.6337309686737
52.160744676215764,132680.94519032483
